id,question,answer,url
1,Как изменить пароль в личном кабинете?,"Изменить имя и пароль вы можете в своем личном кабинете (раздел «Профиль»).Если вы забыли пароль, воспользуйтесь службой восстановления. В отправленном вам письме будет ссылка на смену пароля.Логин изменить невозможно. Логин есть у тех пользователей, кто зарегистрировался на сайте до мая 2015 года. Участники, которые зарегистрировались позже, при авторизации вместо логина указывают свою электронную почту.",False
2,"Что делать, если я забыл пароль от своего аккаунта?","Изменить имя и пароль вы можете в своем личном кабинете (раздел «Профиль»).Если вы забыли пароль, воспользуйтесь службой восстановления. В отправленном вам письме будет ссылка на смену пароля.Логин изменить невозможно. Логин есть у тех пользователей, кто зарегистрировался на сайте до мая 2015 года. Участники, которые зарегистрировались позже, при авторизации вместо логина указывают свою электронную почту.",False
3,Как восстановить утерянный пароль на сайте?,"Изменить имя и пароль вы можете в своем личном кабинете (раздел «Профиль»).Если вы забыли пароль, воспользуйтесь службой восстановления. В отправленном вам письме будет ссылка на смену пароля.Логин изменить невозможно. Логин есть у тех пользователей, кто зарегистрировался на сайте до мая 2015 года. Участники, которые зарегистрировались позже, при авторизации вместо логина указывают свою электронную почту.",False
4,Есть ли возможность сменить пароль через электронную почту?,"Изменить имя и пароль вы можете в своем личном кабинете (раздел «Профиль»).Если вы забыли пароль, воспользуйтесь службой восстановления. В отправленном вам письме будет ссылка на смену пароля.Логин изменить невозможно. Логин есть у тех пользователей, кто зарегистрировался на сайте до мая 2015 года. Участники, которые зарегистрировались позже, при авторизации вместо логина указывают свою электронную почту.",False
5,Какие требования к безопасности пароля на сайте?,"Изменить имя и пароль вы можете в своем личном кабинете (раздел «Профиль»).Если вы забыли пароль, воспользуйтесь службой восстановления. В отправленном вам письме будет ссылка на смену пароля.Логин изменить невозможно. Логин есть у тех пользователей, кто зарегистрировался на сайте до мая 2015 года. Участники, которые зарегистрировались позже, при авторизации вместо логина указывают свою электронную почту.",False
6,Где найти номер кошелька в профиле?,"Раздел «Кошелек» находится в вашем личном кабинете. Номер Кошелька можно найти в левом верхнем углу раздела «Кошелек», под суммой вашего баланса.",False
7,Как узнать номер кошелька на сайте?,"Раздел «Кошелек» находится в вашем личном кабинете. Номер Кошелька можно найти в левом верхнем углу раздела «Кошелек», под суммой вашего баланса.",False
8,Номер кошелька в личном кабинете где смотреть?,"Раздел «Кошелек» находится в вашем личном кабинете. Номер Кошелька можно найти в левом верхнем углу раздела «Кошелек», под суммой вашего баланса.",False
9,Как отыскать номер кошелька в профиле?,"Раздел «Кошелек» находится в вашем личном кабинете. Номер Кошелька можно найти в левом верхнем углу раздела «Кошелек», под суммой вашего баланса.",False
10,Номер Кошелька «Столото» – где посмотреть в личном кабинете?,"Раздел «Кошелек» находится в вашем личном кабинете. Номер Кошелька можно найти в левом верхнем углу раздела «Кошелек», под суммой вашего баланса.",False
11,Как удалить сыгранные билеты из раздела «Мои билеты»?,Самостоятельное удаление билетов невозможно — они автоматически перемещаются в архив по истечении 180 дней с момента проведения тиража/розыгрыша.,False
12,"Что делать, если я хочу очистить раздел с билетами в личном кабинете?",Самостоятельное удаление билетов невозможно — они автоматически перемещаются в архив по истечении 180 дней с момента проведения тиража/розыгрыша.,False
13,Как избавиться от сыгранных билетов в личном кабинете?,Самостоятельное удаление билетов невозможно — они автоматически перемещаются в архив по истечении 180 дней с момента проведения тиража/розыгрыша.,False
14,"Как удалить билеты, которые уже были сыграны?",Самостоятельное удаление билетов невозможно — они автоматически перемещаются в архив по истечении 180 дней с момента проведения тиража/розыгрыша.,False
15,Есть ли способ очистить раздел «Мои билеты» от прошлых тиражей?,Самостоятельное удаление билетов невозможно — они автоматически перемещаются в архив по истечении 180 дней с момента проведения тиража/розыгрыша.,False
16,Как отказаться от подписки на лотерею?,"Чтобы изменить статус подписки, кликните на ее название «(Подписка 1, Подписка 2 и т.д.)» и нажмите «Возобновить/Приостановить», «Удалить».",False
17,"Что делать, если хочу прекратить подписку на лотерею?","Чтобы изменить статус подписки, кликните на ее название «(Подписка 1, Подписка 2 и т.д.)» и нажмите «Возобновить/Приостановить», «Удалить».",False
18,Как отменить участие в лотерейной подписке?,"Чтобы изменить статус подписки, кликните на ее название «(Подписка 1, Подписка 2 и т.д.)» и нажмите «Возобновить/Приостановить», «Удалить».",False
19,Есть ли способ отказаться от участия в лотерее?,"Чтобы изменить статус подписки, кликните на ее название «(Подписка 1, Подписка 2 и т.д.)» и нажмите «Возобновить/Приостановить», «Удалить».",False
20,Как прекратить подписку на участие в лотереях?,"Чтобы изменить статус подписки, кликните на ее название «(Подписка 1, Подписка 2 и т.д.)» и нажмите «Возобновить/Приостановить», «Удалить».",False
21,Как заработать дополнительные бонусы?,"После регистрации на сайте и покупки первого лотерейного билеты вы получите 20 бонусов. Участвуйте в лотереях, бонусных играх, специальных акциях, дарите билеты, приглашайте друзей. В акциях разыгрываются призы номиналами в тысячи бонусов! Мы сообщаем об акциях в письмах, а также в разделе «Новости».",False
22,"Что нужно сделать, чтобы получить больше бонусных баллов?","После регистрации на сайте и покупки первого лотерейного билеты вы получите 20 бонусов. Участвуйте в лотереях, бонусных играх, специальных акциях, дарите билеты, приглашайте друзей. В акциях разыгрываются призы номиналами в тысячи бонусов! Мы сообщаем об акциях в письмах, а также в разделе «Новости».",False
23,Есть ли способы увеличить количество бонусов?,"После регистрации на сайте и покупки первого лотерейного билеты вы получите 20 бонусов. Участвуйте в лотереях, бонусных играх, специальных акциях, дарите билеты, приглашайте друзей. В акциях разыгрываются призы номиналами в тысячи бонусов! Мы сообщаем об акциях в письмах, а также в разделе «Новости».",False
24,Как участвовать в акциях для получения дополнительных бонусов?,"После регистрации на сайте и покупки первого лотерейного билеты вы получите 20 бонусов. Участвуйте в лотереях, бонусных играх, специальных акциях, дарите билеты, приглашайте друзей. В акциях разыгрываются призы номиналами в тысячи бонусов! Мы сообщаем об акциях в письмах, а также в разделе «Новости».",False
25,Как получить больше бонусов на сайте?,"После регистрации на сайте и покупки первого лотерейного билеты вы получите 20 бонусов. Участвуйте в лотереях, бонусных играх, специальных акциях, дарите билеты, приглашайте друзей. В акциях разыгрываются призы номиналами в тысячи бонусов! Мы сообщаем об акциях в письмах, а также в разделе «Новости».",False
26,На что можно использовать бонусы?,"В первую очередь — на бесплатное оформление билетов на stoloto.ru: у каждой лотереи есть номинал в бонусах. Другие варианты: бонусные игры, где можно весело провести время и выиграть до 5 000 бонусов. Срок действия бонусов: 6 месяцев со дня начисления. В некоторых акциях этот срок меньше. Внимательно читайте условия акции.",False
27,Какие возможности для использования бонусов на сайте?,"В первую очередь — на бесплатное оформление билетов на stoloto.ru: у каждой лотереи есть номинал в бонусах. Другие варианты: бонусные игры, где можно весело провести время и выиграть до 5 000 бонусов. Срок действия бонусов: 6 месяцев со дня начисления. В некоторых акциях этот срок меньше. Внимательно читайте условия акции.",False
28,"Чем можно расплатиться, используя бонусы?","В первую очередь — на бесплатное оформление билетов на stoloto.ru: у каждой лотереи есть номинал в бонусах. Другие варианты: бонусные игры, где можно весело провести время и выиграть до 5 000 бонусов. Срок действия бонусов: 6 месяцев со дня начисления. В некоторых акциях этот срок меньше. Внимательно читайте условия акции.",False
29,Есть ли ограничения по использованию бонусов?,"В первую очередь — на бесплатное оформление билетов на stoloto.ru: у каждой лотереи есть номинал в бонусах. Другие варианты: бонусные игры, где можно весело провести время и выиграть до 5 000 бонусов. Срок действия бонусов: 6 месяцев со дня начисления. В некоторых акциях этот срок меньше. Внимательно читайте условия акции.",False
30,Какие услуги или товары можно приобрести за бонусные баллы?,"В первую очередь — на бесплатное оформление билетов на stoloto.ru: у каждой лотереи есть номинал в бонусах. Другие варианты: бонусные игры, где можно весело провести время и выиграть до 5 000 бонусов. Срок действия бонусов: 6 месяцев со дня начисления. В некоторых акциях этот срок меньше. Внимательно читайте условия акции.",False
31,Как прекратить получать СМС и имейл-рассылки?,"Чтобы настроить или отключить рассылки, откройте «Профиль» в личном кабинете и зайдите в раздел «Уведомления».Также вы можете написать по адресу info@stoloto.ru или в чат поддержки. Сообщите консультанту почту или номер телефона, на которые вы больше не хотите получать рассылки.",False
32,Как отписаться от уведомлений по СМС и почте?,"Чтобы настроить или отключить рассылки, откройте «Профиль» в личном кабинете и зайдите в раздел «Уведомления».Также вы можете написать по адресу info@stoloto.ru или в чат поддержки. Сообщите консультанту почту или номер телефона, на которые вы больше не хотите получать рассылки.",False
33,Есть ли способ отключить СМС и имейл-рассылки?,"Чтобы настроить или отключить рассылки, откройте «Профиль» в личном кабинете и зайдите в раздел «Уведомления».Также вы можете написать по адресу info@stoloto.ru или в чат поддержки. Сообщите консультанту почту или номер телефона, на которые вы больше не хотите получать рассылки.",False
34,Как перестать получать рекламные сообщения?,"Чтобы настроить или отключить рассылки, откройте «Профиль» в личном кабинете и зайдите в раздел «Уведомления».Также вы можете написать по адресу info@stoloto.ru или в чат поддержки. Сообщите консультанту почту или номер телефона, на которые вы больше не хотите получать рассылки.",False
35,"Что делать, если не хочу больше получать уведомления по СМС и электронной почте?","Чтобы настроить или отключить рассылки, откройте «Профиль» в личном кабинете и зайдите в раздел «Уведомления».Также вы можете написать по адресу info@stoloto.ru или в чат поддержки. Сообщите консультанту почту или номер телефона, на которые вы больше не хотите получать рассылки.",False
36,Не могу купить билеты,"Возможно, Вы исчерпали ежемесячные лимиты по Кошельку. Вам необходимо пройти идентификацию на сайте Столото или ожидать первого числа нового месяца, когда лимиты обновятся.",https://www.stoloto.ru/lottery/onlinesale?int=faq
37,Не получается оплатить билет,"Возможно, Вы исчерпали ежемесячные лимиты по Кошельку. Вам необходимо пройти идентификацию на сайте Столото или ожидать первого числа нового месяца, когда лимиты обновятся.",https://www.stoloto.ru/lottery/onlinesale?int=faq
38,Как купить билет,"Возможно, Вы исчерпали ежемесячные лимиты по Кошельку. Вам необходимо пройти идентификацию на сайте Столото или ожидать первого числа нового месяца, когда лимиты обновятся.",https://www.stoloto.ru/lottery/onlinesale?int=faq
39,Не проходит оплата билета,"Возможно, Вы исчерпали ежемесячные лимиты по Кошельку. Вам необходимо пройти идентификацию на сайте Столото или ожидать первого числа нового месяца, когда лимиты обновятся.",https://www.stoloto.ru/lottery/onlinesale?int=faq
40,"Как купить билет, не работает","Возможно, Вы исчерпали ежемесячные лимиты по Кошельку. Вам необходимо пройти идентификацию на сайте Столото или ожидать первого числа нового месяца, когда лимиты обновятся.",https://www.stoloto.ru/lottery/onlinesale?int=faq
41,Как совершить покупку билета?,Выберите способ покупки билетов на странице «Адреса точек продаж и выплат» .Подробная инструкция о покупке билетов на сайте находится на странице «Как купить билет на сайте stoloto.ru».,https://www.stoloto.ru/lottery/onlinesale?int=faq
42,"Что нужно сделать, чтобы купить лотерейный билет?",Выберите способ покупки билетов на странице «Адреса точек продаж и выплат» .Подробная инструкция о покупке билетов на сайте находится на странице «Как купить билет на сайте stoloto.ru».,https://www.stoloto.ru/lottery/onlinesale?int=faq
43,Как оформить покупку билета на сайте?,Выберите способ покупки билетов на странице «Адреса точек продаж и выплат» .Подробная инструкция о покупке билетов на сайте находится на странице «Как купить билет на сайте stoloto.ru».,https://www.stoloto.ru/lottery/onlinesale?int=faq
44,Как произвести оплату за лотерейный билет?,Выберите способ покупки билетов на странице «Адреса точек продаж и выплат» .Подробная инструкция о покупке билетов на сайте находится на странице «Как купить билет на сайте stoloto.ru».,https://www.stoloto.ru/lottery/onlinesale?int=faq
45,Есть ли шаги или инструкции по покупке билета?,Выберите способ покупки билетов на странице «Адреса точек продаж и выплат» .Подробная инструкция о покупке билетов на сайте находится на странице «Как купить билет на сайте stoloto.ru».,https://www.stoloto.ru/lottery/onlinesale?int=faq
46,Как проверить лотерейный билет?,Подробная информация о проверке билета доступна на странице «Проверить билет».,https://www.stoloto.ru/check-ticket?int=faq
47,Где найти информацию о проверке билета?,Подробная информация о проверке билета доступна на странице «Проверить билет».,https://www.stoloto.ru/check-ticket?int=faq
48,"Как узнать, выиграл ли мой билет?",Подробная информация о проверке билета доступна на странице «Проверить билет».,https://www.stoloto.ru/check-ticket?int=faq
49,Какие шаги нужно предпринять для проверки билета?,Подробная информация о проверке билета доступна на странице «Проверить билет».,https://www.stoloto.ru/check-ticket?int=faq
50,Где находится страница для проверки лотерейных билетов?,Подробная информация о проверке билета доступна на странице «Проверить билет».,https://www.stoloto.ru/check-ticket?int=faq
51,Почему не получается проверить билет?,"Если не получается проверить билет, убедитесь, что:— вы вводите корректный номер тиража (он указан на билете);— тираж на момент проверки уже состоялся (дата тиража указана на билете);— вы правильно выбрали название лотереи (например, если у вас билет «Русского лото», в пункте проверки выберите это название).Если сразу после просмотра трансляции программы «У нас выигрывают!» на НТВ не удается проверить билет, вернитесь к странице немного позже. Во всех остальных случаях обратитесь в службу поддержки по телефону 8 900 555-00-55 или нажмите диалоговую иконку в правом углу любой страницы сайта.",False
52,Какие могут быть причины невозможности проверки билета?,"Если не получается проверить билет, убедитесь, что:— вы вводите корректный номер тиража (он указан на билете);— тираж на момент проверки уже состоялся (дата тиража указана на билете);— вы правильно выбрали название лотереи (например, если у вас билет «Русского лото», в пункте проверки выберите это название).Если сразу после просмотра трансляции программы «У нас выигрывают!» на НТВ не удается проверить билет, вернитесь к странице немного позже. Во всех остальных случаях обратитесь в службу поддержки по телефону 8 900 555-00-55 или нажмите диалоговую иконку в правом углу любой страницы сайта.",False
53,"Что делать, если не удается проверить лотерейный билет?","Если не получается проверить билет, убедитесь, что:— вы вводите корректный номер тиража (он указан на билете);— тираж на момент проверки уже состоялся (дата тиража указана на билете);— вы правильно выбрали название лотереи (например, если у вас билет «Русского лото», в пункте проверки выберите это название).Если сразу после просмотра трансляции программы «У нас выигрывают!» на НТВ не удается проверить билет, вернитесь к странице немного позже. Во всех остальных случаях обратитесь в службу поддержки по телефону 8 900 555-00-55 или нажмите диалоговую иконку в правом углу любой страницы сайта.",False
54,Какие шаги следует предпринять при проблемах с проверкой билета?,"Если не получается проверить билет, убедитесь, что:— вы вводите корректный номер тиража (он указан на билете);— тираж на момент проверки уже состоялся (дата тиража указана на билете);— вы правильно выбрали название лотереи (например, если у вас билет «Русского лото», в пункте проверки выберите это название).Если сразу после просмотра трансляции программы «У нас выигрывают!» на НТВ не удается проверить билет, вернитесь к странице немного позже. Во всех остальных случаях обратитесь в службу поддержки по телефону 8 900 555-00-55 или нажмите диалоговую иконку в правом углу любой страницы сайта.",False
55,"Как удостовериться, что номер тиража введен корректно при проверке билета?","Если не получается проверить билет, убедитесь, что:— вы вводите корректный номер тиража (он указан на билете);— тираж на момент проверки уже состоялся (дата тиража указана на билете);— вы правильно выбрали название лотереи (например, если у вас билет «Русского лото», в пункте проверки выберите это название).Если сразу после просмотра трансляции программы «У нас выигрывают!» на НТВ не удается проверить билет, вернитесь к странице немного позже. Во всех остальных случаях обратитесь в службу поддержки по телефону 8 900 555-00-55 или нажмите диалоговую иконку в правом углу любой страницы сайта.",False
56,"Как узнать, в каком тираже участвует мой билет?",На сайте номер тиража отображается на странице информации о билете в личном кабинете сразу после завершения покупки.В чёрно-белом бумажном уведомлении о приёме лотерейной ставки этот номер находится в верхней её части после слов «Билет действителен для ... тиража (ей) от тиража №...».,False
57,Где найти информацию о тираже лотерейного билета?,На сайте номер тиража отображается на странице информации о билете в личном кабинете сразу после завершения покупки.В чёрно-белом бумажном уведомлении о приёме лотерейной ставки этот номер находится в верхней её части после слов «Билет действителен для ... тиража (ей) от тиража №...».,False
58,На какой странице личного кабинета отображается номер тиража билета?,На сайте номер тиража отображается на странице информации о билете в личном кабинете сразу после завершения покупки.В чёрно-белом бумажном уведомлении о приёме лотерейной ставки этот номер находится в верхней её части после слов «Билет действителен для ... тиража (ей) от тиража №...».,False
59,Где указан номер тиража в чёрно-белом бумажном уведомлении?,На сайте номер тиража отображается на странице информации о билете в личном кабинете сразу после завершения покупки.В чёрно-белом бумажном уведомлении о приёме лотерейной ставки этот номер находится в верхней её части после слов «Билет действителен для ... тиража (ей) от тиража №...».,False
60,Какой номер следует искать для определения тиража лотерейного билета?,На сайте номер тиража отображается на странице информации о билете в личном кабинете сразу после завершения покупки.В чёрно-белом бумажном уведомлении о приёме лотерейной ставки этот номер находится в верхней её части после слов «Билет действителен для ... тиража (ей) от тиража №...».,False
61,Могу ли я восстановить потерянный билет?,"Если билет был куплен в розничной точке продаж без указания номера телефона, то восстановлению он не подлежит.Если билет был приобретен с указанием номера телефона или по СМС — вы можете зарегистрироваться на www.stoloto.ru, указав номер телефона, на который был оформлен билет. Билет автоматически отобразится в личном кабинете.",False
62,"Как восстановить билет, если он утерян?","Если билет был куплен в розничной точке продаж без указания номера телефона, то восстановлению он не подлежит.Если билет был приобретен с указанием номера телефона или по СМС — вы можете зарегистрироваться на www.stoloto.ru, указав номер телефона, на который был оформлен билет. Билет автоматически отобразится в личном кабинете.",False
63,"Возможно ли восстановление билета, купленного без указания номера телефона?","Если билет был куплен в розничной точке продаж без указания номера телефона, то восстановлению он не подлежит.Если билет был приобретен с указанием номера телефона или по СМС — вы можете зарегистрироваться на www.stoloto.ru, указав номер телефона, на который был оформлен билет. Билет автоматически отобразится в личном кабинете.",False
64,Какие шаги следует предпринять при потере лотерейного билета?,"Если билет был куплен в розничной точке продаж без указания номера телефона, то восстановлению он не подлежит.Если билет был приобретен с указанием номера телефона или по СМС — вы можете зарегистрироваться на www.stoloto.ru, указав номер телефона, на который был оформлен билет. Билет автоматически отобразится в личном кабинете.",False
65,Как зарегистрироваться на www.stoloto.ru для восстановления билета?,"Если билет был куплен в розничной точке продаж без указания номера телефона, то восстановлению он не подлежит.Если билет был приобретен с указанием номера телефона или по СМС — вы можете зарегистрироваться на www.stoloto.ru, указав номер телефона, на который был оформлен билет. Билет автоматически отобразится в личном кабинете.",False
66,Как подарить лотерейный билет?,"Подробная информация о том, как подарить билет, доступна в разделе «Билет в подарок».Подробную видеоинструкцию можно посмотреть на официальном Youtube-канале «Столото».Если в билете вы указали неверные данные (например, номер мобильного телефона), то отменить его, к сожалению, не получится. Вы можете оформить новый билет.",False
67,Где найти информацию о подарке билета?,"Подробная информация о том, как подарить билет, доступна в разделе «Билет в подарок».Подробную видеоинструкцию можно посмотреть на официальном Youtube-канале «Столото».Если в билете вы указали неверные данные (например, номер мобильного телефона), то отменить его, к сожалению, не получится. Вы можете оформить новый билет.",False
68,Как оформить билет в подарок?,"Подробная информация о том, как подарить билет, доступна в разделе «Билет в подарок».Подробную видеоинструкцию можно посмотреть на официальном Youtube-канале «Столото».Если в билете вы указали неверные данные (например, номер мобильного телефона), то отменить его, к сожалению, не получится. Вы можете оформить новый билет.",False
69,Есть ли видеоинструкция по подарку билета на Youtube-канале «Столото»?,"Подробная информация о том, как подарить билет, доступна в разделе «Билет в подарок».Подробную видеоинструкцию можно посмотреть на официальном Youtube-канале «Столото».Если в билете вы указали неверные данные (например, номер мобильного телефона), то отменить его, к сожалению, не получится. Вы можете оформить новый билет.",False
70,"Что делать, если указаны неверные данные в билете?","Подробная информация о том, как подарить билет, доступна в разделе «Билет в подарок».Подробную видеоинструкцию можно посмотреть на официальном Youtube-канале «Столото».Если в билете вы указали неверные данные (например, номер мобильного телефона), то отменить его, к сожалению, не получится. Вы можете оформить новый билет.",False
71,Подаренный билет не отображается в личном кабинете друга. Что делать?,"Если вы ввели всё правильно и ваш друг получил оповещения по СМС и имейлу, но не видит подаренного билета в личном кабинете, необходимо сообщить об этом в службу поддержки пользователей (нажмите диалоговую иконку в правом углу любой страницы сайта).",False
72,Мой друг не видит подаренный билет в своем личном кабинете. Как помочь?,"Если вы ввели всё правильно и ваш друг получил оповещения по СМС и имейлу, но не видит подаренного билета в личном кабинете, необходимо сообщить об этом в службу поддержки пользователей (нажмите диалоговую иконку в правом углу любой страницы сайта).",False
73,Как уведомить службу поддержки о проблеме с отображением подаренного билета?,"Если вы ввели всё правильно и ваш друг получил оповещения по СМС и имейлу, но не видит подаренного билета в личном кабинете, необходимо сообщить об этом в службу поддержки пользователей (нажмите диалоговую иконку в правом углу любой страницы сайта).",False
74,"Что делать, если подаренный лотерейный билет не появляется в личном кабинете получателя?","Если вы ввели всё правильно и ваш друг получил оповещения по СМС и имейлу, но не видит подаренного билета в личном кабинете, необходимо сообщить об этом в службу поддержки пользователей (нажмите диалоговую иконку в правом углу любой страницы сайта).",False
75,"Как связаться со службой поддержки, если возникли проблемы с подаренным билетом?","Если вы ввели всё правильно и ваш друг получил оповещения по СМС и имейлу, но не видит подаренного билета в личном кабинете, необходимо сообщить об этом в службу поддержки пользователей (нажмите диалоговую иконку в правом углу любой страницы сайта).",False
76,"Где посмотреть купленные билеты, если я не зарегистрирован на сайте?","Вы можете зарегистрироваться на сайте с номером телефона, указанным вами при покупке билета. После завершения регистрации билет отобразится в вашем личном кабинете в разделе «Мои билеты».Инструкция, как зарегистрироваться, находится в разделе «Как купить билет».Раздел «Регистрация» находится в левом верхнем углу главной страницы сайта.",https://www.stoloto.ru/lottery/onlinesale#tag_withoutreg
77,"Как увидеть билеты, если покупка была совершена без регистрации?","Вы можете зарегистрироваться на сайте с номером телефона, указанным вами при покупке билета. После завершения регистрации билет отобразится в вашем личном кабинете в разделе «Мои билеты».Инструкция, как зарегистрироваться, находится в разделе «Как купить билет».Раздел «Регистрация» находится в левом верхнем углу главной страницы сайта.",https://www.stoloto.ru/lottery/onlinesale#tag_withoutreg
78,Где на сайте найти информацию о купленных билетах без регистрации?,"Вы можете зарегистрироваться на сайте с номером телефона, указанным вами при покупке билета. После завершения регистрации билет отобразится в вашем личном кабинете в разделе «Мои билеты».Инструкция, как зарегистрироваться, находится в разделе «Как купить билет».Раздел «Регистрация» находится в левом верхнем углу главной страницы сайта.",https://www.stoloto.ru/lottery/onlinesale#tag_withoutreg
79,Как зарегистрироваться на сайте для просмотра своих билетов?,"Вы можете зарегистрироваться на сайте с номером телефона, указанным вами при покупке билета. После завершения регистрации билет отобразится в вашем личном кабинете в разделе «Мои билеты».Инструкция, как зарегистрироваться, находится в разделе «Как купить билет».Раздел «Регистрация» находится в левом верхнем углу главной страницы сайта.",https://www.stoloto.ru/lottery/onlinesale#tag_withoutreg
80,Как найти раздел «Мои билеты» после регистрации на сайте?,"Вы можете зарегистрироваться на сайте с номером телефона, указанным вами при покупке билета. После завершения регистрации билет отобразится в вашем личном кабинете в разделе «Мои билеты».Инструкция, как зарегистрироваться, находится в разделе «Как купить билет».Раздел «Регистрация» находится в левом верхнем углу главной страницы сайта.",https://www.stoloto.ru/lottery/onlinesale#tag_withoutreg
81,Какие лотереи доступны для покупки в лотерейном центре?,"Вы можете купить билеты любых государственных лотерей. Это тиражные лотереи «Спортлото «5 из 36», «Спортлото «6 из 45», «Спортлото «7 из 49», «Спортлото «4 из 20», «Большое Спортлото», «Охота», «КЕНО», «Рапидо», «Рапидо 2.0», «Всё или ничего», «Топ-3», «Рокетбинго», «Русское лото», «Жилищная лотерея», «Золотая подкова», «Проще, чем дважды два», «Забава от Русского лото», а также широкий ассортимент бестиражных лотерей.",False
82,Какие государственные лотереи представлены в лотерейном центре?,"Вы можете купить билеты любых государственных лотерей. Это тиражные лотереи «Спортлото «5 из 36», «Спортлото «6 из 45», «Спортлото «7 из 49», «Спортлото «4 из 20», «Большое Спортлото», «Охота», «КЕНО», «Рапидо», «Рапидо 2.0», «Всё или ничего», «Топ-3», «Рокетбинго», «Русское лото», «Жилищная лотерея», «Золотая подкова», «Проще, чем дважды два», «Забава от Русского лото», а также широкий ассортимент бестиражных лотерей.",False
83,Список каких лотерей можно найти в лотерейном центре?,"Вы можете купить билеты любых государственных лотерей. Это тиражные лотереи «Спортлото «5 из 36», «Спортлото «6 из 45», «Спортлото «7 из 49», «Спортлото «4 из 20», «Большое Спортлото», «Охота», «КЕНО», «Рапидо», «Рапидо 2.0», «Всё или ничего», «Топ-3», «Рокетбинго», «Русское лото», «Жилищная лотерея», «Золотая подкова», «Проще, чем дважды два», «Забава от Русского лото», а также широкий ассортимент бестиражных лотерей.",False
84,Какие тиражные лотереи можно приобрести в лотерейном центре?,"Вы можете купить билеты любых государственных лотерей. Это тиражные лотереи «Спортлото «5 из 36», «Спортлото «6 из 45», «Спортлото «7 из 49», «Спортлото «4 из 20», «Большое Спортлото», «Охота», «КЕНО», «Рапидо», «Рапидо 2.0», «Всё или ничего», «Топ-3», «Рокетбинго», «Русское лото», «Жилищная лотерея», «Золотая подкова», «Проще, чем дважды два», «Забава от Русского лото», а также широкий ассортимент бестиражных лотерей.",False
85,Что включает в себя ассортимент бестиражных лотерей в лотерейном центре?,"Вы можете купить билеты любых государственных лотерей. Это тиражные лотереи «Спортлото «5 из 36», «Спортлото «6 из 45», «Спортлото «7 из 49», «Спортлото «4 из 20», «Большое Спортлото», «Охота», «КЕНО», «Рапидо», «Рапидо 2.0», «Всё или ничего», «Топ-3», «Рокетбинго», «Русское лото», «Жилищная лотерея», «Золотая подкова», «Проще, чем дважды два», «Забава от Русского лото», а также широкий ассортимент бестиражных лотерей.",False
86,"Почему для некоторых лотерей нужно указывать номер телефона, а для других — нет?","Для лотерей «Русское лото», «Жилищная лотерея», «Золотая подкова», «Бинго-75» и «6 из 36» существует два вида билетов, которые вы можете приобрести в точках продаж: электронные лотерейные билеты — приобретаются с помощью купонов, при использовании которых нужно указывать номер мобильного телефона, и типографские билеты. Цветной купон и черно-белое уведомление о приёме лотерейной ставки и регистрации электронного лотерейного билета с датой и номером тиража, а также всеми теми числами, которые есть в цветном купоне. Важно! Такие билеты вы можете приобрести только на ближайший тираж лотереи. Такой билет является основанием для выплаты выигрыша. Эти билеты интересны тем, что можно сразу купить несколько разных билетов на разные тиражи. Ознакомиться с образцами билетов вы можете на странице любой указанной лотереи в разделе «Правила».",False
87,Какие лотереи требуют указания номера телефона при покупке билета?,"Для лотерей «Русское лото», «Жилищная лотерея», «Золотая подкова», «Бинго-75» и «6 из 36» существует два вида билетов, которые вы можете приобрести в точках продаж: электронные лотерейные билеты — приобретаются с помощью купонов, при использовании которых нужно указывать номер мобильного телефона, и типографские билеты. Цветной купон и черно-белое уведомление о приёме лотерейной ставки и регистрации электронного лотерейного билета с датой и номером тиража, а также всеми теми числами, которые есть в цветном купоне. Важно! Такие билеты вы можете приобрести только на ближайший тираж лотереи. Такой билет является основанием для выплаты выигрыша. Эти билеты интересны тем, что можно сразу купить несколько разных билетов на разные тиражи. Ознакомиться с образцами билетов вы можете на странице любой указанной лотереи в разделе «Правила».",False
88,Чем отличаются электронные лотерейные билеты от типографских?,"Для лотерей «Русское лото», «Жилищная лотерея», «Золотая подкова», «Бинго-75» и «6 из 36» существует два вида билетов, которые вы можете приобрести в точках продаж: электронные лотерейные билеты — приобретаются с помощью купонов, при использовании которых нужно указывать номер мобильного телефона, и типографские билеты. Цветной купон и черно-белое уведомление о приёме лотерейной ставки и регистрации электронного лотерейного билета с датой и номером тиража, а также всеми теми числами, которые есть в цветном купоне. Важно! Такие билеты вы можете приобрести только на ближайший тираж лотереи. Такой билет является основанием для выплаты выигрыша. Эти билеты интересны тем, что можно сразу купить несколько разных билетов на разные тиражи. Ознакомиться с образцами билетов вы можете на странице любой указанной лотереи в разделе «Правила».",False
89,Могу ли я купить несколько разных билетов на разные тиражи?,"Для лотерей «Русское лото», «Жилищная лотерея», «Золотая подкова», «Бинго-75» и «6 из 36» существует два вида билетов, которые вы можете приобрести в точках продаж: электронные лотерейные билеты — приобретаются с помощью купонов, при использовании которых нужно указывать номер мобильного телефона, и типографские билеты. Цветной купон и черно-белое уведомление о приёме лотерейной ставки и регистрации электронного лотерейного билета с датой и номером тиража, а также всеми теми числами, которые есть в цветном купоне. Важно! Такие билеты вы можете приобрести только на ближайший тираж лотереи. Такой билет является основанием для выплаты выигрыша. Эти билеты интересны тем, что можно сразу купить несколько разных билетов на разные тиражи. Ознакомиться с образцами билетов вы можете на странице любой указанной лотереи в разделе «Правила».",False
90,Где можно ознакомиться с образцами билетов указанных лотерей?,"Для лотерей «Русское лото», «Жилищная лотерея», «Золотая подкова», «Бинго-75» и «6 из 36» существует два вида билетов, которые вы можете приобрести в точках продаж: электронные лотерейные билеты — приобретаются с помощью купонов, при использовании которых нужно указывать номер мобильного телефона, и типографские билеты. Цветной купон и черно-белое уведомление о приёме лотерейной ставки и регистрации электронного лотерейного билета с датой и номером тиража, а также всеми теми числами, которые есть в цветном купоне. Важно! Такие билеты вы можете приобрести только на ближайший тираж лотереи. Такой билет является основанием для выплаты выигрыша. Эти билеты интересны тем, что можно сразу купить несколько разных билетов на разные тиражи. Ознакомиться с образцами билетов вы можете на странице любой указанной лотереи в разделе «Правила».",False
91,Какие бывают типы лотерей?,"Лотереи бывают тиражными и бестиражными (моментальными). Тиражной называется лотерея, в которой розыгрыш призового фонда между всеми участниками проводится единовременно после распространения лотерейных билетов. Проведение такой лотереи может включать в себя отдельные тиражи. Бестиражная (или моментальная) лотерея — это лотерея, в которой информация, позволяющая определить выигрыши, закладывается в лотерейные билеты на стадии их изготовления, а результат розыгрыша становится известным сразу после удаления защитного слоя на билете или после вскрытия билета (если это билет-конверт).",False
92,Что такое тиражные лотереи?,"Лотереи бывают тиражными и бестиражными (моментальными). Тиражной называется лотерея, в которой розыгрыш призового фонда между всеми участниками проводится единовременно после распространения лотерейных билетов. Проведение такой лотереи может включать в себя отдельные тиражи. Бестиражная (или моментальная) лотерея — это лотерея, в которой информация, позволяющая определить выигрыши, закладывается в лотерейные билеты на стадии их изготовления, а результат розыгрыша становится известным сразу после удаления защитного слоя на билете или после вскрытия билета (если это билет-конверт).",False
93,Чем отличаются бестиражные лотереи от тиражных?,"Лотереи бывают тиражными и бестиражными (моментальными). Тиражной называется лотерея, в которой розыгрыш призового фонда между всеми участниками проводится единовременно после распространения лотерейных билетов. Проведение такой лотереи может включать в себя отдельные тиражи. Бестиражная (или моментальная) лотерея — это лотерея, в которой информация, позволяющая определить выигрыши, закладывается в лотерейные билеты на стадии их изготовления, а результат розыгрыша становится известным сразу после удаления защитного слоя на билете или после вскрытия билета (если это билет-конверт).",False
94,Как происходит проведение тиражной лотереи?,"Лотереи бывают тиражными и бестиражными (моментальными). Тиражной называется лотерея, в которой розыгрыш призового фонда между всеми участниками проводится единовременно после распространения лотерейных билетов. Проведение такой лотереи может включать в себя отдельные тиражи. Бестиражная (или моментальная) лотерея — это лотерея, в которой информация, позволяющая определить выигрыши, закладывается в лотерейные билеты на стадии их изготовления, а результат розыгрыша становится известным сразу после удаления защитного слоя на билете или после вскрытия билета (если это билет-конверт).",False
95,Как работают бестиражные (моментальные) лотереи?,"Лотереи бывают тиражными и бестиражными (моментальными). Тиражной называется лотерея, в которой розыгрыш призового фонда между всеми участниками проводится единовременно после распространения лотерейных билетов. Проведение такой лотереи может включать в себя отдельные тиражи. Бестиражная (или моментальная) лотерея — это лотерея, в которой информация, позволяющая определить выигрыши, закладывается в лотерейные билеты на стадии их изготовления, а результат розыгрыша становится известным сразу после удаления защитного слоя на билете или после вскрытия билета (если это билет-конверт).",False
96,Как работает тиражная комиссия в лотерее?,Тиражная комиссия следит за ходом каждого розыгрыша и подтверждает его результаты — подписывает протокол тиражной комиссии и официальную таблицу результатов проведения тиража.,False
97,За что отвечает тиражная комиссия?,Тиражная комиссия следит за ходом каждого розыгрыша и подтверждает его результаты — подписывает протокол тиражной комиссии и официальную таблицу результатов проведения тиража.,False
98,Какие обязанности выполняет тиражная комиссия?,Тиражная комиссия следит за ходом каждого розыгрыша и подтверждает его результаты — подписывает протокол тиражной комиссии и официальную таблицу результатов проведения тиража.,False
99,Что включает в себя работа тиражной комиссии в розыгрыше?,Тиражная комиссия следит за ходом каждого розыгрыша и подтверждает его результаты — подписывает протокол тиражной комиссии и официальную таблицу результатов проведения тиража.,False
100,Как подтверждаются результаты тиража с помощью тиражной комиссии?,Тиражная комиссия следит за ходом каждого розыгрыша и подтверждает его результаты — подписывает протокол тиражной комиссии и официальную таблицу результатов проведения тиража.,False
101,Могут ли участвовать в лотерее иностранные граждане?,"Да, иностранные граждане могут участвовать в лотереях, если они дееспособны и достигли возраста 18 лет. Для участия в лотереях на сайте понадобится SIM-карта с номером российского, белорусского, казахстанского, таджикского, молдавского, узбекского, армянского, азербайджанского и грузинского или украинского операторов связи для возможности завершения регистрации и дальнейшего получения информации.",False
102,Есть ли возрастные ограничения для участия в лотерее иностранных граждан?,"Да, иностранные граждане могут участвовать в лотереях, если они дееспособны и достигли возраста 18 лет. Для участия в лотереях на сайте понадобится SIM-карта с номером российского, белорусского, казахстанского, таджикского, молдавского, узбекского, армянского, азербайджанского и грузинского или украинского операторов связи для возможности завершения регистрации и дальнейшего получения информации.",False
103,Какие требования для участия в лотерее предъявляются к иностранным гражданам?,"Да, иностранные граждане могут участвовать в лотереях, если они дееспособны и достигли возраста 18 лет. Для участия в лотереях на сайте понадобится SIM-карта с номером российского, белорусского, казахстанского, таджикского, молдавского, узбекского, армянского, азербайджанского и грузинского или украинского операторов связи для возможности завершения регистрации и дальнейшего получения информации.",False
104,Какие операторы связи принимаются для участия в лотерее иностранными гражданами?,"Да, иностранные граждане могут участвовать в лотереях, если они дееспособны и достигли возраста 18 лет. Для участия в лотереях на сайте понадобится SIM-карта с номером российского, белорусского, казахстанского, таджикского, молдавского, узбекского, армянского, азербайджанского и грузинского или украинского операторов связи для возможности завершения регистрации и дальнейшего получения информации.",False
105,Могут ли иностранные граждане выиграть в лотерее и получить выигрыш?,"Да, иностранные граждане могут участвовать в лотереях, если они дееспособны и достигли возраста 18 лет. Для участия в лотереях на сайте понадобится SIM-карта с номером российского, белорусского, казахстанского, таджикского, молдавского, узбекского, армянского, азербайджанского и грузинского или украинского операторов связи для возможности завершения регистрации и дальнейшего получения информации.",False
106,Как избежать мошенничества в лотерее?,"Выигрыш в лотерею всегда случаен. С осторожностью относитесь ко всем, кто утверждает обратное и пытается взять у вас за информацию деньги. Подробнее о видах мошенничества и способах обезопасить себя читайте в разделе «Остерегайтесь мошенников».",True
107,Как не стать жертвой мошенников при участии в лотерее?,"Выигрыш в лотерею всегда случаен. С осторожностью относитесь ко всем, кто утверждает обратное и пытается взять у вас за информацию деньги. Подробнее о видах мошенничества и способах обезопасить себя читайте в разделе «Остерегайтесь мошенников».",True
108,"Какие предосторожности нужно принять, чтобы избежать мошенничества с лотерейными билетами?","Выигрыш в лотерею всегда случаен. С осторожностью относитесь ко всем, кто утверждает обратное и пытается взять у вас за информацию деньги. Подробнее о видах мошенничества и способах обезопасить себя читайте в разделе «Остерегайтесь мошенников».",True
109,Как различить настоящие лотереи от мошеннических?,"Выигрыш в лотерею всегда случаен. С осторожностью относитесь ко всем, кто утверждает обратное и пытается взять у вас за информацию деньги. Подробнее о видах мошенничества и способах обезопасить себя читайте в разделе «Остерегайтесь мошенников».",True
110,"Какие шаги предпринять, если стали жертвой мошенничества в лотерее?","Выигрыш в лотерею всегда случаен. С осторожностью относитесь ко всем, кто утверждает обратное и пытается взять у вас за информацию деньги. Подробнее о видах мошенничества и способах обезопасить себя читайте в разделе «Остерегайтесь мошенников».",True
111,Как получить свой выигрыш в лотерее?,"Подробная информация о том, как получить выигрыш, доступна на странице «Как получить выигрыш».",https://www.stoloto.ru/lottery-winning
112,"Что нужно сделать, чтобы забрать свой выигрыш?","Подробная информация о том, как получить выигрыш, доступна на странице «Как получить выигрыш».",https://www.stoloto.ru/lottery-winning
113,Как получить выигрыш после успешного розыгрыша?,"Подробная информация о том, как получить выигрыш, доступна на странице «Как получить выигрыш».",https://www.stoloto.ru/lottery-winning
114,"Какие шаги предпринять, чтобы получить выигрыш по лотерейному билету?","Подробная информация о том, как получить выигрыш, доступна на странице «Как получить выигрыш».",https://www.stoloto.ru/lottery-winning
115,Где найти информацию о процессе получения выигрыша?,"Подробная информация о том, как получить выигрыш, доступна на странице «Как получить выигрыш».",https://www.stoloto.ru/lottery-winning
116,При выигрыше я получаю всю сумму полностью или с вычетом налогов?,"Если выигрыш равен или превышает 15 000 рублей, то налог с такой суммы удерживается при выплате. Если же выигрыш менее 15 000 рублей, то выплачивается вся сумма, а налог нужно оплатить самостоятельно.Согласно законодательству, налог на выигрыш в лотереи для резидентов РФ составляет 13%. Налоговая декларация подается до 30 апреля года, следующего за годом получения выигрыша. Выплата налоговых отчислений осуществляется не позднее 15 июля года, следующего за годом получения выигрыша.",https://www.stoloto.ru/about/tax?int=faq
117,Как определяется размер налога на выигрыш в лотерее?,"Если выигрыш равен или превышает 15 000 рублей, то налог с такой суммы удерживается при выплате. Если же выигрыш менее 15 000 рублей, то выплачивается вся сумма, а налог нужно оплатить самостоятельно.Согласно законодательству, налог на выигрыш в лотереи для резидентов РФ составляет 13%. Налоговая декларация подается до 30 апреля года, следующего за годом получения выигрыша. Выплата налоговых отчислений осуществляется не позднее 15 июля года, следующего за годом получения выигрыша.",https://www.stoloto.ru/about/tax?int=faq
118,Когда и как удерживается налог на выигрыш в лотерее?,"Если выигрыш равен или превышает 15 000 рублей, то налог с такой суммы удерживается при выплате. Если же выигрыш менее 15 000 рублей, то выплачивается вся сумма, а налог нужно оплатить самостоятельно.Согласно законодательству, налог на выигрыш в лотереи для резидентов РФ составляет 13%. Налоговая декларация подается до 30 апреля года, следующего за годом получения выигрыша. Выплата налоговых отчислений осуществляется не позднее 15 июля года, следующего за годом получения выигрыша.",https://www.stoloto.ru/about/tax?int=faq
119,Какой процент составляет налог на выигрыш для резидентов РФ?,"Если выигрыш равен или превышает 15 000 рублей, то налог с такой суммы удерживается при выплате. Если же выигрыш менее 15 000 рублей, то выплачивается вся сумма, а налог нужно оплатить самостоятельно.Согласно законодательству, налог на выигрыш в лотереи для резидентов РФ составляет 13%. Налоговая декларация подается до 30 апреля года, следующего за годом получения выигрыша. Выплата налоговых отчислений осуществляется не позднее 15 июля года, следующего за годом получения выигрыша.",https://www.stoloto.ru/about/tax?int=faq
120,Как оформляется налоговая декларация при получении выигрыша в лотерее?,"Если выигрыш равен или превышает 15 000 рублей, то налог с такой суммы удерживается при выплате. Если же выигрыш менее 15 000 рублей, то выплачивается вся сумма, а налог нужно оплатить самостоятельно.Согласно законодательству, налог на выигрыш в лотереи для резидентов РФ составляет 13%. Налоговая декларация подается до 30 апреля года, следующего за годом получения выигрыша. Выплата налоговых отчислений осуществляется не позднее 15 июля года, следующего за годом получения выигрыша.",https://www.stoloto.ru/about/tax?int=faq
121,"Что делать, если я потерял мобильный телефон с СМС о выигрыше?",Вам нужно как можно скорее дозвониться до вашего оператора сотовой связи и заблокировать эту SIM-карту. После восстановления карты и номера запросите СМС с вашим кодом выигрыша повторно.,False
122,"Как защитить свой выигрыш, если потерян мобильный телефон?",Вам нужно как можно скорее дозвониться до вашего оператора сотовой связи и заблокировать эту SIM-карту. После восстановления карты и номера запросите СМС с вашим кодом выигрыша повторно.,False
123,"Что предпринять, если утерян телефон с сообщением о выигрыше?",Вам нужно как можно скорее дозвониться до вашего оператора сотовой связи и заблокировать эту SIM-карту. После восстановления карты и номера запросите СМС с вашим кодом выигрыша повторно.,False
124,Как восстановить СМС с кодом выигрыша после потери телефона?,Вам нужно как можно скорее дозвониться до вашего оператора сотовой связи и заблокировать эту SIM-карту. После восстановления карты и номера запросите СМС с вашим кодом выигрыша повторно.,False
125,Как заблокировать SIM-карту при потере мобильного телефона?,Вам нужно как можно скорее дозвониться до вашего оператора сотовой связи и заблокировать эту SIM-карту. После восстановления карты и номера запросите СМС с вашим кодом выигрыша повторно.,False
126,Могу ли я получить выигрыш без предъявления выигрышного билета?,"Если выигрышным оказался типографский лотерейный билет, то для получения выигрыша необходимо предъявить выигрышный билет и документ, удостоверяющий личность. Если выигрышным оказался электронный лотерейный билет, то достаточно предоставить информацию о нем (номер телефона, уникальный ключ и код выигрыша) или распечатку уведомления из личного кабинета и код выигрыша.",False
127,"Как получить выигрыш, если утерян выигрышный билет?","Если выигрышным оказался типографский лотерейный билет, то для получения выигрыша необходимо предъявить выигрышный билет и документ, удостоверяющий личность. Если выигрышным оказался электронный лотерейный билет, то достаточно предоставить информацию о нем (номер телефона, уникальный ключ и код выигрыша) или распечатку уведомления из личного кабинета и код выигрыша.",False
128,"Что делать, если потерял бумажный лотерейный билет с выигрышем?","Если выигрышным оказался типографский лотерейный билет, то для получения выигрыша необходимо предъявить выигрышный билет и документ, удостоверяющий личность. Если выигрышным оказался электронный лотерейный билет, то достаточно предоставить информацию о нем (номер телефона, уникальный ключ и код выигрыша) или распечатку уведомления из личного кабинета и код выигрыша.",False
129,Какие документы нужны для получения выигрыша от типографского лотерейного билета?,"Если выигрышным оказался типографский лотерейный билет, то для получения выигрыша необходимо предъявить выигрышный билет и документ, удостоверяющий личность. Если выигрышным оказался электронный лотерейный билет, то достаточно предоставить информацию о нем (номер телефона, уникальный ключ и код выигрыша) или распечатку уведомления из личного кабинета и код выигрыша.",False
130,Какие данные нужны для получения выигрыша от электронного лотерейного билета?,"Если выигрышным оказался типографский лотерейный билет, то для получения выигрыша необходимо предъявить выигрышный билет и документ, удостоверяющий личность. Если выигрышным оказался электронный лотерейный билет, то достаточно предоставить информацию о нем (номер телефона, уникальный ключ и код выигрыша) или распечатку уведомления из личного кабинета и код выигрыша.",False
131,Какие выигрыши можно получить в лотерейном центре?,"Вы можете получить выигрыши тиражных лотерей: «Спортлото «5 из 36», «Спортлото «6 из 45», «Спортлото «7 из 49», «Спортлото «4 из 20», «Большое Спортлото», «Охота», «КЕНО», «Рапидо», «Рапидо 2.0», «Всё или ничего», «Топ-3», «Рокетбинго», «Русское лото», «Жилищная лотерея», «Золотая подкова», «Проще, чем дважды два», «Забава от Русского лото», а также бестиражных лотерей.",False
132,Что можно выиграть в тиражных лотереях в лотерейном центре?,"Вы можете получить выигрыши тиражных лотерей: «Спортлото «5 из 36», «Спортлото «6 из 45», «Спортлото «7 из 49», «Спортлото «4 из 20», «Большое Спортлото», «Охота», «КЕНО», «Рапидо», «Рапидо 2.0», «Всё или ничего», «Топ-3», «Рокетбинго», «Русское лото», «Жилищная лотерея», «Золотая подкова», «Проще, чем дважды два», «Забава от Русского лото», а также бестиражных лотерей.",False
133,Какие лотереи предоставляют возможность получить выигрыш в лотерейном центре?,"Вы можете получить выигрыши тиражных лотерей: «Спортлото «5 из 36», «Спортлото «6 из 45», «Спортлото «7 из 49», «Спортлото «4 из 20», «Большое Спортлото», «Охота», «КЕНО», «Рапидо», «Рапидо 2.0», «Всё или ничего», «Топ-3», «Рокетбинго», «Русское лото», «Жилищная лотерея», «Золотая подкова», «Проще, чем дважды два», «Забава от Русского лото», а также бестиражных лотерей.",False
134,Список каких лотерей включает в себя возможность получения выигрыша в лотерейном центре?,"Вы можете получить выигрыши тиражных лотерей: «Спортлото «5 из 36», «Спортлото «6 из 45», «Спортлото «7 из 49», «Спортлото «4 из 20», «Большое Спортлото», «Охота», «КЕНО», «Рапидо», «Рапидо 2.0», «Всё или ничего», «Топ-3», «Рокетбинго», «Русское лото», «Жилищная лотерея», «Золотая подкова», «Проще, чем дважды два», «Забава от Русского лото», а также бестиражных лотерей.",False
135,Какие тиражные и бестиражные лотереи представлены в лотерейном центре?,"Вы можете получить выигрыши тиражных лотерей: «Спортлото «5 из 36», «Спортлото «6 из 45», «Спортлото «7 из 49», «Спортлото «4 из 20», «Большое Спортлото», «Охота», «КЕНО», «Рапидо», «Рапидо 2.0», «Всё или ничего», «Топ-3», «Рокетбинго», «Русское лото», «Жилищная лотерея», «Золотая подкова», «Проще, чем дважды два», «Забава от Русского лото», а также бестиражных лотерей.",False
136,Как играть в забаву,Правила лотереи «Забава от Русского лото» https://www.stoloto.ru/zabava/rules?int=faq,False
137,правила Забавы,Правила лотереи «Забава от Русского лото» https://www.stoloto.ru/zabava/rules?int=faq,False
138,как играть выиграть в забаву,Правила лотереи «Забава от Русского лото» https://www.stoloto.ru/zabava/rules?int=faq,False
139,сколько стоит лотерея забава,Правила лотереи «Забава от Русского лото» https://www.stoloto.ru/zabava/rules?int=faq,False
140,цена билета забавы русского лото,Правила лотереи «Забава от Русского лото» https://www.stoloto.ru/zabava/rules?int=faq,False
